{"cameraMode":{"drawMode":0,"name":"Shaded","section":"Shading Mode"},"sceneLighting":false,"audioPlay":false,"sceneViewState":{"showFog":true,"showMaterialUpdate":false,"showSkybox":false,"showFlares":true,"showImageEffects":true,"showParticleSystems":true},"in2DMode":false,"pivot":{"x":20.158206939697267,"y":-1.9416029453277588,"z":13.990138053894043},"rotation":{"x":-0.13767538964748383,"y":-0.15326827764511109,"z":0.021569103002548219,"w":-0.9783108234405518},"size":10.702227592468262,"orthographic":false}